accuracy,loss
0.9861111044883728,0.026618335396051407
